Workbook
Name ________GUO01: '[1]#REF!'!#REF!
Name ________GUO01: '[1]#REF!'!#REF!
Name ________GUO01: '[1]#REF!'!#REF!
Name ________GUO01: '[1]#REF!'!#REF!
Name ________GUO01: '[1]#REF!'!#REF!
Name ________GUO01: '[1]#REF!'!#REF!
Name ________GUO01: '[1]#REF!'!#REF!
Name ________GUO01: '[1]#REF!'!#REF!
Name ________GUO01: '[1]#REF!'!#REF!
Name ________GUO01: '[1]#REF!'!#REF!
Name ________GUO01: '[1]#REF!'!#REF!
Name ______GUO01: '[1]#REF!'!#REF!
Name ______GUO01: '[1]#REF!'!#REF!
Name ______GUO01: '[1]#REF!'!#REF!
Name ______GUO01: '[1]#REF!'!#REF!
Name ______GUO01: '[1]#REF!'!#REF!
Name ______GUO01: '[1]#REF!'!#REF!
Name ______GUO01: '[1]#REF!'!#REF!
Name ______GUO01: '[1]#REF!'!#REF!
Name ______GUO01: '[1]#REF!'!#REF!
Name ______GUO01: '[1]#REF!'!#REF!
Name ______GUO01: '[1]#REF!'!#REF!
Name _____GUO01: '[1]#REF!'!#REF!
Name _____GUO01: '[1]#REF!'!#REF!
Name _____GUO01: '[1]#REF!'!#REF!
Name _____GUO01: '[1]#REF!'!#REF!
Name _____GUO01: '[1]#REF!'!#REF!
Name _____GUO01: '[1]#REF!'!#REF!
Name _____GUO01: '[1]#REF!'!#REF!
Name _____GUO01: '[1]#REF!'!#REF!
Name _____GUO01: '[1]#REF!'!#REF!
Name _____GUO01: '[1]#REF!'!#REF!
Name _____GUO01: '[1]#REF!'!#REF!
Name ___GUO01: '[1]#REF!'!#REF!
Name ___GUO01: '[1]#REF!'!#REF!
Name ___GUO01: '[1]#REF!'!#REF!
Name ___GUO01: '[1]#REF!'!#REF!
Name ___GUO01: '[1]#REF!'!#REF!
Name ___GUO01: '[1]#REF!'!#REF!
Name ___GUO01: '[1]#REF!'!#REF!
Name ___GUO01: '[1]#REF!'!#REF!
Name ___GUO01: '[1]#REF!'!#REF!
Name ___GUO01: '[1]#REF!'!#REF!
Name ___GUO01: '[1]#REF!'!#REF!
Name _GUO01: '[1]#REF!'!#REF!
Name _GUO01: '[1]#REF!'!#REF!
Name _GUO01: '[1]#REF!'!#REF!
Name _GUO01: '[1]#REF!'!#REF!
Name _GUO01: '[1]#REF!'!#REF!
Name _GUO01: '[1]#REF!'!#REF!
Name _GUO01: '[1]#REF!'!#REF!
Name _GUO01: '[1]#REF!'!#REF!
Name _GUO01: '[1]#REF!'!#REF!
Name _GUO01: '[1]#REF!'!#REF!
Name _GUO01: '[1]#REF!'!#REF!
Name AS: '[2]#REF!'!$A$1:$A$65536
Name AS: '[2]#REF!'!$A$1:$A$65536
Name AS: '[2]#REF!'!$A$1:$A$65536
Name AS: '[2]#REF!'!$A$1:$A$65536
Name AS: '[2]#REF!'!$A$1:$A$65536

Sheet 1.排拉图
A1: ○程序文件 ●作业指导书 | L1: 文件编号 | M1: WI-FJS-203
A2: 文件名称 | C2: SYDNEY LITE 5OMP,INDONESIA GIFT BOX (MOTO G 37) 礼盒 装配线标准作业指导书 | L2: 版 本 | M2: 01
L3: 页 码 | M3: 01 OF 12
A4: 制订部门 | C4: PIE课/IE | G4: 制订日期 | H4: 46157 | K4: 生效日期 | L4: =+H4 -> 46157
A5: 制 订 | C5: 罗成耿 | G5: 审 核 | K5: 批 准
A6: 部门 | C6: 工 程 | F6: 品 质 | J6: 生 产 | M6: PMC
A7: 签核
A8: 瓶颈时间(S) | B8: =MAX(E17:E24) -> 9 | C8: 节拍工时(S) | D8: =3600/L8 -> 8.5714286 | E8: 工时之和 | F8: =C38 -> 23.4 | G8: 平衡率 | H8: =F8/(B8*J8) -> 0.65 | I8: 人力 | J8: =D38 -> 4 | K8: 标准UPH(PCS/H) | L8: 420 | M8: 标准UPPH (PCS/人/H) | N8: =L8/J8 -> 105
A9: 序号 | B9: 工位名称 | C9: 标准工时（S） | D9: 人数 | E9: 工站工时（S) | F9: 设备/工治具 | H9: 标准WIP（PCS） | I9: 产线Layout
A10: 1 | B10: 排拉图
A11: 2 | B11: 天盖打角
A12: 3 | B12: 天盖面纸过胶定位
A13: 4 | B13: 天盖除泡
A14: 5 | B14: 全检天盒
A15: 6 | B15: 地盖打角
A16: 7 | B16: 地盖面纸过胶定位
A17: 8 | B17: 地盖除泡
A18: 9 | B18: 地盒衬纸过胶定位
A19: 10 | B19: 地盒衬纸除泡
A20: 11 | B20: 资料盒预折
A21: 12 | B21: 资料盒组装 | E21: 8 | H21: 2
A22: 13 | B22: 装纸条+扣盒 | H22: 2
A23: 15 * | B23: 全检地盒 | C23: 14.4 | D23: 2 | E23: =C23/D23 -> 7.2
A24: 16 | B24: 装箱摆板 | C24: 9 | D24: 1 | E24: =C24/D24 -> 9
B25: 线长 | D25: 1
C38: =SUM(C17:C37) -> 23.4 | D38: =SUM(D11:D37) -> 4 | E38: =SUM(E17:E37) -> 24.2 | H38: =SUM(H17:H37) -> 4
A39: 合计 | B39: 变更日期 | C39: 变更页码 | D39: 变更前 | F39: 变更后 | H39: 备注
A40: 变 更 履 历
A41: 1 | B41: 44410 | D41: 首次发行

Sheet 2
A1: ○ 程序文件 ● 作业指导书 | U1: 文件编号 | X1: =+'1.排拉图'!M1 -> WI-FJS-203
A2: 文件名称 | D2: ='1.排拉图'!C2:K3+'2'!D2:T3='1.排拉图'!C2:C3 -> 0 | U2: 版 本 | X2: =+'1.排拉图'!M2 -> 01
U3: 页 码 | X3: 6-2 OF 12
A4: 本工位名称 | D4: =+'1.排拉图'!B12 -> 天盖面纸过胶定位 | I4: 标准工时(S) | L4: =+'1.排拉图'!C17 -> 0 | P4: 人数(个) | S4: =+'1.排拉图'!D17 -> 0 | U4: 工站工时(S) | X4: =L4/S4 -> #DIV/0!
A5: 劳 保 用 品 | D5: 手套 | E5: 指套 | F5: 工帽 | G5: 耳塞 | H5: 口罩 | I5: 作 业 分 类 | L5: 作业 | M5: 检查 | N5: 包装 | O5: 搬运 | P5: WIP(PCS) | S5: =+'1.排拉图'!H17 -> 0 | U5: 重点工站 | X5: ×
D6: √ | E6: × | F6: √ | G6: × | H6: × | L6: √ | M6: √ | N6: × | O6: × | P6: 作 业 重 点
A7: 图 示 说 明
P8: 品质管控 (互检内容) | Q8: 1.检查盒胚长边与短边沿V槽折拼合紧密 无缝隙,拼合处为直角， 不能出现开口、溢胶、不可有高低脚。 2.天盖面纸尺寸正确，无破损、划伤、杂色点等不良。
P13: 品质重点检出项 | Q13: 1.机器气压值0.5±0.1MPA。 2.盒胚长边与短边沿V槽折拼合紧密 无缝隙,拼合处为直角。 3.胶带贴合紧密，无开胶，每面胶带长度大于17mm。 4.胶水类型正确：白乳胶600R1#，胶重：2.2±0.3g。 5.盒胚定位准确无误，面纸过胶均匀，厚度0.015-0.025mm 。
P18: 注意事项 | Q18: 1.物料和工具必须摆放在小臂活动范围内。 2.工作中要时刻保持台面的整洁与干净，避免指甲伤及面纸。 3.作业人员必须戴好工帽，并将头发盘入工帽内。 | X18: 工帽佩戴示意图
X23: 双手佩戴示意图
A28: 变更履历 | B28: 变更日期 | C28: 变更版本 | D28: 变更前 | G28: 变更后 | J28: 设 备 工 具 | K28: 名称 | M28: 型号 | O28: 数量 | P28: 物 料 型 号 | Q28: 名称 | S28: 型号 | U28: 数量 | V28: 辅 料 型 号 | W28: 名称 | Y28: 型号 | AA28: 数量

Sheet 3
A1: ○ 程序文件 ● 作业指导书 | U1: 文件编号 | X1: =+'1.排拉图'!M1 -> WI-FJS-203
A2: 文件名称 | D2: SYDNEY LITE 5OMP,INDONESIA GIFT BOX (MOTO G 37) 排拉图 | U2: 版 本 | X2: =+'1.排拉图'!M2 -> 01
U3: 页 码 | X3: 6-2 OF 12
A4: 本工位名称 | D4: =+'1.排拉图'!B13 -> 天盖除泡 | I4: 标准工时(S) | L4: =+'1.排拉图'!C17 -> 0 | P4: 人数(个) | S4: =+'1.排拉图'!D17 -> 0 | U4: 工站工时(S) | X4: =L4/S4 -> #DIV/0!
A5: 劳 保 用 品 | D5: 手套 | E5: 指套 | F5: 工帽 | G5: 耳塞 | H5: 口罩 | I5: 作 业 分 类 | L5: 作业 | M5: 检查 | N5: 包装 | O5: 搬运 | P5: WIP(PCS) | S5: =+'1.排拉图'!H17 -> 0 | U5: 重点工站 | X5: ×
D6: √ | E6: × | F6: √ | G6: × | H6: × | L6: √ | M6: √ | N6: × | O6: × | P6: 作 业 重 点
A7: 图 示 说 明
P8: 品质管控 (互检内容) | Q8: 1.内盒定位准确，无偏移。 2.面纸过胶均匀。
P13: 品质重点检出项 | Q13: 1.面纸抹平整 无气泡 褶皱等。 2.侧耳贴合到位、无错位、无明显双边、无漏灰等不良现象 3.四边贴合完成后表面无气泡 褶皱 变形破损等不良。 4.除泡压力：0.5±0.1MPa，时间：2S±1S。
P18: 注意事项 | Q18: 1.物料和工具必须摆放在小臂活动范围内。 2.工作中要时刻保持台面的整洁与干净，避免指甲伤及面纸。 3.作业人员必须戴好工帽，并将头发盘入工帽内。 | X18: 工帽佩戴示意图
X23: 双手佩戴示意图
A28: 变更履历 | B28: 变更日期 | C28: 变更版本 | D28: 变更前 | G28: 变更后 | J28: 设 备 工 具 | K28: 名称 | M28: 型号 | O28: 数量 | P28: 物 料 型 号 | Q28: 名称 | S28: 型号 | U28: 数量 | V28: 辅 料 型 号 | W28: 名称 | Y28: 型号 | AA28: 数量

Sheet 4
A1: ○ 程序文件 ● 作业指导书 | U1: 文件编号 | X1: =+'1.排拉图'!M1 -> WI-FJS-203
A2: 文件名称 | D2: SYDNEY LITE 5OMP,INDONESIA GIFT BOX (MOTO G 37) 排拉图 | U2: 版 本 | X2: =+'1.排拉图'!M2 -> 01
U3: 页 码 | X3: 11 OF 12
A4: 本工位名称 | D4: ='1.排拉图'!B14 -> 全检天盒 | I4: 标准工时(S) | L4: ='1.排拉图'!C23 -> 14.4 | P4: 人数(个) | S4: ='1.排拉图'!D23 -> 2 | U4: 工站工时(S) | X4: =L4/S4 -> 7.2
A5: 劳 保 用 品 | D5: 手套 | E5: 指套 | F5: 工帽 | G5: 耳塞 | H5: 口罩 | I5: 作 业 分 类 | L5: 作业 | M5: 检查 | N5: 包装 | O5: 搬运 | P5: WIP(PCS) | S5: ='1.排拉图'!H23 -> 0 | U5: 重点工站 | X5: √
D6: √ | E6: × | F6: √ | G6: × | H6: × | L6: √ | M6: √ | N6: × | O6: √ | P6: 作 业 重 点
A7: 图 示 说 明
P8: 品质管控 (互检内容) | Q8: 1.检查面纸有无异色，杂色，缺字的不良，内衬有无破损脏污等不良； 2.检查盒子表面有无气泡 胶粒 脏污 软边等问题，检查有无漏灰 错位等问题。 3.检查有无混料等问题。 4.用抹布蘸取乙醇进行擦拭胶渍、手印等脏污，注意不要太过用力，避免擦伤。
P13: 品质重点检出项 | Q13: 1.擦胶时，需带手套，避免手指刮花盒托。 2.检查胶水是否擦干净。
P18: 注意事项 | Q18: 1.物料和工具必须摆放在小臂活动范围内。 2.工作中要时刻保持台面的整洁与干净，避免指甲伤及面纸。 3.作业人员必须戴好工帽，并将头发盘入工帽内。 | X18: 工帽佩戴示意图
X23: 双手佩戴示意图
A28: 变更履历 | B28: 变更日期 | C28: 变更版本 | D28: 变更前 | G28: 变更后 | J28: 设 备 工 具 | K28: 名称 | M28: 型号 | O28: 数量 | P28: 物 料 型 号 | Q28: 名称 | S28: 型号 | U28: 数量 | V28: 辅 料 型 号 | W28: 名称 | Y28: 型号 | AA28: 数量

Sheet 6
A1: ○ 程序文件 ● 作业指导书 | U1: 文件编号 | X1: =+'1.排拉图'!M1 -> WI-FJS-203
A2: 文件名称 | D2: SYDNEY LITE 5OMP,INDONESIA GIFT BOX (MOTO G 37) 排拉图 | U2: 版 本 | X2: =+'1.排拉图'!M2 -> 01
U3: 页 码 | X3: 6-2 OF 12
A4: 本工位名称 | D4: =+'1.排拉图'!B16 -> 地盖面纸过胶定位 | I4: 标准工时(S) | L4: =+'1.排拉图'!C17 -> 0 | P4: 人数(个) | S4: =+'1.排拉图'!D17 -> 0 | U4: 工站工时(S) | X4: =L4/S4 -> #DIV/0!
A5: 劳 保 用 品 | D5: 手套 | E5: 指套 | F5: 工帽 | G5: 耳塞 | H5: 口罩 | I5: 作 业 分 类 | L5: 作业 | M5: 检查 | N5: 包装 | O5: 搬运 | P5: WIP(PCS) | S5: =+'1.排拉图'!H17 -> 0 | U5: 重点工站 | X5: ×
D6: √ | E6: × | F6: √ | G6: × | H6: × | L6: √ | M6: √ | N6: × | O6: × | P6: 作 业 重 点
A7: 图 示 说 明
P8: 品质管控 (互检内容) | Q8: 1.检查盒胚长边与短边沿V槽折拼合紧密 无缝隙,拼合处为直角， 不能出现开口、溢胶、不可有高低脚。 2.天盖面纸尺寸正确，无破损、划伤、杂色点等不良。
P13: 品质重点检出项 | Q13: 1.机器气压值0.5±0.1MPA。 2.盒胚长边与短边沿V槽折拼合紧密 无缝隙,拼合处为直角。 3.胶带贴合紧密，无开胶，每面胶带长度大于17mm。 4.胶水类型正确：白乳胶600R1#，胶重：2.2±0.3g。 5.盒胚定位准确无误，面纸过胶均匀，厚度0.015-0.025mm 。
P18: 注意事项 | Q18: 1.物料和工具必须摆放在小臂活动范围内。 2.工作中要时刻保持台面的整洁与干净，避免指甲伤及面纸。 3.作业人员必须戴好工帽，并将头发盘入工帽内。 | X18: 工帽佩戴示意图
X23: 双手佩戴示意图
A28: 变更履历 | B28: 变更日期 | C28: 变更版本 | D28: 变更前 | G28: 变更后 | J28: 设 备 工 具 | K28: 名称 | M28: 型号 | O28: 数量 | P28: 物 料 型 号 | Q28: 名称 | S28: 型号 | U28: 数量 | V28: 辅 料 型 号 | W28: 名称 | Y28: 型号 | AA28: 数量

Sheet 6.2 
A1: ○ 程序文件 ● 作业指导书 | U1: 文件编号 | X1: =+'1.排拉图'!M1 -> WI-FJS-203
A2: 文件名称 | D2: ='1.排拉图'!C2:C3 -> SYDNEY LITE 5OMP,INDONESIA GIFT BOX (MOTO G 37) 礼盒 装配线标准作业指导书 | U2: 版 本 | X2: =+'1.排拉图'!M2 -> 01
U3: 页 码 | X3: 6-2 OF 12
A4: 本工位名称 | D4: =+'1.排拉图'!B17 -> 地盖除泡 | I4: 标准工时(S) | L4: =+'1.排拉图'!C17 -> 0 | P4: 人数(个) | S4: =+'1.排拉图'!D17 -> 0 | U4: 工站工时(S) | X4: =L4/S4 -> #DIV/0!
A5: 劳 保 用 品 | D5: 手套 | E5: 指套 | F5: 工帽 | G5: 耳塞 | H5: 口罩 | I5: 作 业 分 类 | L5: 作业 | M5: 检查 | N5: 包装 | O5: 搬运 | P5: WIP(PCS) | S5: =+'1.排拉图'!H17 -> 0 | U5: 重点工站 | X5: ×
D6: √ | E6: × | F6: √ | G6: × | H6: × | L6: √ | M6: √ | N6: × | O6: × | P6: 作 业 重 点
A7: 图 示 说 明
P8: 品质管控 (互检内容) | Q8: 1.内盒定位准确，无偏移。 2.面纸过胶均匀。
P13: 品质重点检出项 | Q13: 1.面纸抹平整 无气泡 褶皱等。 2.侧耳贴合到位、无错位、无明显双边、无漏灰等不良现象 3.四边贴合完成后表面无气泡 褶皱 变形破损等不良。 4.除泡压力：0.5±0.1MPa，时间：2S±1S。
P18: 注意事项 | Q18: 1.物料和工具必须摆放在小臂活动范围内。 2.工作中要时刻保持台面的整洁与干净，避免指甲伤及面纸。 3.作业人员必须戴好工帽，并将头发盘入工帽内。 | X18: 工帽佩戴示意图
X23: 双手佩戴示意图
A28: 变更履历 | B28: 变更日期 | C28: 变更版本 | D28: 变更前 | G28: 变更后 | J28: 设 备 工 具 | K28: 名称 | M28: 型号 | O28: 数量 | P28: 物 料 型 号 | Q28: 名称 | S28: 型号 | U28: 数量 | V28: 辅 料 型 号 | W28: 名称 | Y28: 型号 | AA28: 数量

Sheet 6.3
A1: ○ 程序文件 ● 作业指导书 | U1: 文件编号 | X1: =+'1.排拉图'!M1 -> WI-FJS-203
A2: 文件名称 | D2: ='1.排拉图'!C2:C3 -> SYDNEY LITE 5OMP,INDONESIA GIFT BOX (MOTO G 37) 礼盒 装配线标准作业指导书 | U2: 版 本 | X2: =+'1.排拉图'!M2 -> 01
U3: 页 码 | X3: 11 OF 12
A4: 本工位名称 | D4: ='1.排拉图'!B23 -> 全检地盒 | I4: 标准工时(S) | L4: ='1.排拉图'!C23 -> 14.4 | P4: 人数(个) | S4: ='1.排拉图'!D23 -> 2 | U4: 工站工时(S) | X4: =L4/S4 -> 7.2
A5: 劳 保 用 品 | D5: 手套 | E5: 指套 | F5: 工帽 | G5: 耳塞 | H5: 口罩 | I5: 作 业 分 类 | L5: 作业 | M5: 检查 | N5: 包装 | O5: 搬运 | P5: WIP(PCS) | S5: ='1.排拉图'!H23 -> 0 | U5: 重点工站 | X5: √
D6: √ | E6: × | F6: √ | G6: × | H6: × | L6: √ | M6: √ | N6: × | O6: √ | P6: 作 业 重 点
A7: 图 示 说 明
P8: 品质管控 (互检内容) | Q8: 1.检查面纸有无异色，杂色，缺字的不良，内衬有无破损脏污等不良； 2.检查盒子表面有无气泡 胶粒 脏污 软边等问题，检查有无漏灰 错位等问题。 3.检查有无混料等问题。 4.用抹布蘸取乙醇进行擦拭胶渍、手印等脏污，注意不要太过用力，避免擦伤。
P13: 品质重点检出项 | Q13: 1.擦胶时，需带手套，避免手指刮花盒托。 2.检查胶水是否擦干净。
P18: 注意事项 | Q18: 1.物料和工具必须摆放在小臂活动范围内。 2.工作中要时刻保持台面的整洁与干净，避免指甲伤及面纸。 3.作业人员必须戴好工帽，并将头发盘入工帽内。 | X18: 工帽佩戴示意图
X23: 双手佩戴示意图
A28: 变更履历 | B28: 变更日期 | C28: 变更版本 | D28: 变更前 | G28: 变更后 | J28: 设 备 工 具 | K28: 名称 | M28: 型号 | O28: 数量 | P28: 物 料 型 号 | Q28: 名称 | S28: 型号 | U28: 数量 | V28: 辅 料 型 号 | W28: 名称 | Y28: 型号 | AA28: 数量

Sheet 8.1
A1: ○ 程序文件 ● 作业指导书 | U1: 文件编号 | X1: =+'1.排拉图'!M1 -> WI-FJS-203
A2: 文件名称 | D2: ='1.排拉图'!C2:C3 -> SYDNEY LITE 5OMP,INDONESIA GIFT BOX (MOTO G 37) 礼盒 装配线标准作业指导书 | U2: 版 本 | X2: =+'1.排拉图'!M2 -> 01
U3: 页 码 | X3: 6-2 OF 12
A4: 本工位名称 | D4: =+'1.排拉图'!B20 -> 资料盒预折 | I4: 标准工时(S) | L4: =+'1.排拉图'!C17 -> 0 | P4: 人数(个) | S4: =+'1.排拉图'!D17 -> 0 | U4: 工站工时(S) | X4: =L4/S4 -> #DIV/0!
A5: 劳 保 用 品 | D5: 手套 | E5: 指套 | F5: 工帽 | G5: 耳塞 | H5: 口罩 | I5: 作 业 分 类 | L5: 作业 | M5: 检查 | N5: 包装 | O5: 搬运 | P5: WIP(PCS) | S5: =+'1.排拉图'!H17 -> 0 | U5: 重点工站 | X5: ×
D6: √ | E6: × | F6: √ | G6: × | H6: × | L6: √ | M6: √ | N6: × | O6: × | P6: 作 业 重 点
A7: 图 示 说 明
P8: 品质管控 (互检内容) | Q8: 1.来料纸有没有破损.打皱不良。 2.确认折到位内卡装平，无打皱破损。
P13: 品质重点检出项 | Q13: 1、组装不可以有浮高。 2、内卡外观面不可以有折皱。
P18: 注意事项 | Q18: 1.物料和工具必须摆放在小臂活动范围内。 2.工作中要时刻保持台面的整洁与干净，避免指甲伤及面纸。 3.作业人员必须戴好工帽，并将头发盘入工帽内。 | X18: 工帽佩戴示意图
X23: 双手佩戴示意图
A28: 变更履历 | B28: 变更日期 | C28: 变更版本 | D28: 变更前 | G28: 变更后 | J28: 设 备 工 具 | K28: 名称 | M28: 型号 | O28: 数量 | P28: 物 料 型 号 | Q28: 名称 | S28: 型号 | U28: 数量 | V28: 辅 料 型 号 | W28: 名称 | Y28: 型号 | AA28: 数量

Sheet 14
A1: ○ 程序文件 ● 作业指导书 | U1: 文件编号 | X1: =+'1.排拉图'!M1 -> WI-FJS-203
A2: 文件名称 | D2: ='1.排拉图'!C2:C3 -> SYDNEY LITE 5OMP,INDONESIA GIFT BOX (MOTO G 37) 礼盒 装配线标准作业指导书 | U2: 版 本 | X2: =+'1.排拉图'!M2 -> 01
U3: 页 码 | X3: 9 OF 12
A4: 本工位名称 | D4: =+'1.排拉图'!B22 -> 装纸条+扣盒 | I4: 标准工时(S) | L4: =+'1.排拉图'!C17 -> 0 | P4: 人数(个) | S4: =+'1.排拉图'!D17 -> 0 | U4: 工站工时(S) | X4: =L4/S4 -> #DIV/0!
A5: 劳 保 用 品 | D5: 手套 | E5: 指套 | F5: 工帽 | G5: 耳塞 | H5: 口罩 | I5: 作 业 分 类 | L5: 作业 | M5: 检查 | N5: 包装 | O5: 搬运 | P5: WIP(PCS) | S5: =+'1.排拉图'!H17 -> 0 | U5: 重点工站 | X5: ×
D6: √ | E6: × | F6: √ | G6: × | H6: × | L6: √ | M6: √ | N6: × | O6: × | P6: 作 业 重 点
A7: 图 示 说 明
P8: 品质管控 (互检内容) | Q8: 1.预折到位确认是否有断裂不良。 2.检查是否折合，卡合到位。
P13: 品质重点检出项 | Q13: 1、卡合不可以装反向. 2、卡合需卡到位.
P18: 注意事项 | Q18: 1.物料和工具必须摆放在小臂活动范围内。 2.工作中要时刻保持台面的整洁与干净，避免指甲伤及面纸。 3.作业人员必须戴好工帽，并将头发盘入工帽内。 | X18: 工帽佩戴示意图
X23: 双手佩戴示意图
A28: 变更履历 | B28: 变更日期 | C28: 变更版本 | D28: 变更前 | G28: 变更后 | J28: 设 备 工 具 | K28: 名称 | M28: 型号 | O28: 数量 | P28: 物 料 型 号 | Q28: 名称 | S28: 型号 | U28: 数量 | V28: 辅 料 型 号 | W28: 名称 | Y28: 型号 | AA28: 数量

Sheet 16
A1: ○ 程序文件 ● 作业指导书 | U1: 文件编号 | X1: =+'1.排拉图'!M1 -> WI-FJS-203
A2: 文件名称 | D2: ='1.排拉图'!C2:C3 -> SYDNEY LITE 5OMP,INDONESIA GIFT BOX (MOTO G 37) 礼盒 装配线标准作业指导书 | U2: 版 本 | X2: =+'1.排拉图'!M2 -> 01
U3: 页 码 | X3: 12 OF 12
A4: 本工位名称 | D4: ='1.排拉图'!B24 -> 装箱摆板 | I4: 标准工时(S) | L4: ='1.排拉图'!C24 -> 9 | P4: 人数(个) | S4: ='1.排拉图'!D24 -> 1 | U4: 工站工时(S) | X4: =L4/S4 -> 9
A5: 劳 保 用 品 | D5: 手套 | E5: 指套 | F5: 工帽 | G5: 耳塞 | H5: 口罩 | I5: 作 业 分 类 | L5: 作业 | M5: 检查 | N5: 包装 | O5: 搬运 | P5: WIP(PCS) | S5: ='1.排拉图'!H24 -> 0 | U5: 重点工站 | X5: ×
D6: √ | E6: × | F6: √ | G6: × | H6: × | L6: √ | M6: √ | N6: × | O6: √ | P6: 作 业 重 点
A7: 图 示 说 明
P8: 品质管控 (互检内容) | Q8: 1.一个PE袋套一个周转箱，盒子无破损无刮伤脏污等，袋子无破损，脏污等。 2.出货标签正确。 3.注意产品摆板手法，整排装箱，每次4-6pcs,不能单个产品插入，防止磕碰划伤。
P13: 品质重点检出项 | Q13: 1、摆板方向需统一。 2、外箱标签需贴在统一位置。
P18: 注意事项 | Q18: 1.物料和工具必须摆放在小臂活动范围内。 2.工作中要时刻保持台面的整洁与干净，避免指甲伤及面纸。 3.作业人员必须戴好工帽，并将头发盘入工帽内。 | X18: 工帽佩戴示意图
X23: 双手佩戴示意图
A28: 变更履历 | B28: 变更日期 | C28: 变更版本 | D28: 变更前 | G28: 变更后 | J28: 设 备 工 具 | K28: 名称 | M28: 型号 | O28: 数量 | P28: 物 料 型 号 | Q28: 名称 | S28: 型号 | U28: 数量 | V28: 辅 料 型 号 | W28: 名称 | Y28: 型号 | AA28: 数量
